sku,name,category,subcategory,description,moq,gst_rate,base_price,has_sizes,image,lead_time_days,active,sort_order
B2BRSMON-0096,OMG Mesh Cap- Standard Grey,Apparel,Headwear,"This ultra-breathable cap is extra comfortable
Fabric: 100% cotton twill front panels; 100% polyester mesh mid and back panels
Structure: Structured
Closure: Velcro
Colour:  Grey",25,5,195,FALSE,assets/products/B2BRSMON-0096.png,14,TRUE,0
B2BRSMON-0095,OMG Mesh Cap- Standard Navy Blue,Apparel,Headwear,"This ultra-breathable cap is extra comfortable
Fabric: 100% cotton twill front panels; 100% polyester mesh mid and back panels
Structure: Structured
Closure: Velcro
Colour:  Navy Blue",25,5,195,FALSE,assets/products/B2BRSMON-0095.png,14,TRUE,1
B2BRSMON-0097,OMG Mesh Cap- Standard White,Apparel,Headwear,"This ultra-breathable cap is extra comfortable
Fabric: 100% cotton twill front panels; 100% polyester mesh mid and back panels
Structure: Structured
Closure: Velcro
Colour: White",25,5,195,FALSE,assets/products/B2BRSMON-0097.png,14,TRUE,2
B2BRSMON-0099,OMG Polyester Cap- Standar Grey,Apparel,Headwear,"Material: Polyester, 140 gsm
Head Circumference: 52 cm
Gender: Unisex
Size: Free Size
Colour:  Grey",25,5,210,FALSE,assets/products/B2BRSMON-0099.png,14,TRUE,3
B2BRSMON-0098,OMG Polyester Cap- Standard Navy Blue,Apparel,Headwear,"Material: Polyester, 140 gsm
Head Circumference: 52 cm
Gender: Unisex
Size: Free Size
Colour:  Navy Blue",25,5,210,FALSE,assets/products/B2BRSMON-0098.png,14,TRUE,4
B2BRSMON-0092,OMG Twill Cotton Cap- Standard Grey,Apparel,Headwear,"An unstructured version of our popular structured twill cap
Fabric: 100% cotton twill, Embroidery Logo
Closure: Hook and loop
Colour: Grey",25,5,195,FALSE,assets/products/B2BRSMON-0092.png,14,TRUE,5
B2BRSMON-0093,OMG Twill Cotton Cap- Standard Navy Blue,Apparel,Headwear,"An unstructured version of our popular structured twill cap
Fabric: 100% cotton twill, Embroidery Logo
Closure: Hook and loop
Colour:Navy Blue",25,5,195,FALSE,assets/products/B2BRSMON-0093.png,14,TRUE,6
B2BRSMON-0094,OMG Twill Cotton Cap- Standard Sky Blue,Apparel,Headwear,"An unstructured version of our popular structured twill cap
Fabric: 100% cotton twill, Embroidery Logo
Closure: Hook and loop
Colour:Blue",25,5,195,FALSE,assets/products/B2BRSMON-0094.png,14,TRUE,7
B2BRSMON-0091,OMG Twill Cotton Cap- Standard White,Apparel,Headwear,"An unstructured version of our popular structured twill cap
Fabric: 100% cotton twill, Embroidery Logo
Closure: Hook and loop
Colour:White",25,5,195,FALSE,assets/products/B2BRSMON-0091.png,14,TRUE,8
B2BRSMON-0081,Jack and Jones Hoodie - Unisex,Apparel,Hoodies,"This classic hoodie jacket is a versatile piece crafted from high-quality fabric to ensure the best comfort. Made with A-Grade fabric for enhanced breathability, it's perfect for everyday wear.
Material: 60% Cotton and 40% Polyester
GSM: 280
Bio-washed
Colour: Navy Blue",25,5,2250,TRUE,assets/products/B2BRSMON-0081.png,14,TRUE,9
B2BRSMON-0080,Reebok Hoodie - Unisex,Apparel,Hoodies,"Material: High-quality blends like cotton, polyester, or fleece for warmth and durability.
Designs: Pullover or zip-up styles.
Fits: Relaxed or slim fits to suit different preferences.
Functionality: Kangaroo pockets or zippered compartments for storage.
Colour: Black",25,5,2050,TRUE,assets/products/B2BRSMON-0080.png,14,TRUE,10
B2BRSMON-0087,Adidas Windcheater - Unisex,Apparel,Jackets,"Adidas Jacket
Colour: Navy Blue",25,5,2850,TRUE,assets/products/B2BRSMON-0087.png,14,TRUE,11
B2BRSMON-0082,Indian Terrain Jacket - Unisex,Apparel,Jackets,"This classic style garment is crafted from high-quality polyester, offering durability and comfort. Designed with insert pockets and a regular fit, it’s perfect for everyday wear.
Material: Polyester
Fit: Regular Fit
Wash: Machine wash cold
Style: Classic
Colour: Navy Blue",25,5,2250,TRUE,assets/products/B2BRSMON-0082.png,14,TRUE,12
B2BRSMON-0086,Jack & Jones Windcheater - Unisex,Apparel,Jackets,"Vilmar Jacket is made of 100% polyester for high-quality comfort and style. PU coating adds durability. The jacket is lightweight and crafted responsibly.
Colour: Navy Blue",25,5,3100,TRUE,assets/products/B2BRSMON-0086.png,14,TRUE,13
B2BRSMON-0088,Nehru Jacket - Unisex - Khaki,Apparel,Jackets,"Size & Fit: The model's height is 6'1'' & is wearing size S
Material: Cotton
Style: Straight
Neck: Chinese Collar
Sleeve: Sleeveless
Fit: Comfort Fit
Length: Waist Length
Care Instructions: Hand Wash
Colour: Khaki",25,5,2500,TRUE,assets/products/B2BRSMON-0088.png,14,TRUE,14
B2BRSMON-0089,Nehru Jacket - Unisex - Navy Blue,Apparel,Jackets,"Size & Fit: The model's height is 6'1'' & is wearing size S
Material: Cotton
Style: Straight
Neck: Chinese Collar
Sleeve: Sleeveless
Fit: Comfort Fit
Length: Waist Length
Care Instructions: Hand Wash
Colour: Navy Blue",25,5,2500,TRUE,assets/products/B2BRSMON-0089.png,14,TRUE,15
B2BRSMON-0090,Nehru Jacket - Unisex Grey,Apparel,Jackets,"Size & Fit: The model's height is 6'1'' & is wearing size S
Material: Cotton
Style: Straight
Neck: Chinese Collar
Sleeve: Sleeveless
Fit: Comfort Fit
Length: Waist Length
Care Instructions: Hand Wash
Colour: Grey",25,5,2500,TRUE,assets/products/B2BRSMON-0090.png,14,TRUE,16
B2BRSMON-0083,Puma Jacket - Unisex,Apparel,Jackets,"Made of cotton and polyester, this garment features a standing collar, long sleeves with ribbed cuffs, and wide, deep interior pockets. The ribbed cuff at the hem ensures a snug fit, while the smooth cotton/polyester knit offers a perfect midweight feel—ideal for casual or activewear during cold weather.
Material: Cotton and Polyester
Colour: Grey",25,5,2250,TRUE,assets/products/B2BRSMON-0083.png,14,TRUE,17
B2BRSMON-0084,USPA Puffer Full Sleeve Jacket - Unisex,Apparel,Jackets,"Rekindle your inner style quotient by wearing this puffer regular fit jacket from U.S. Polo. Tailored to sartorial perfection from premium quality fabric, it assures a soft and soothing touch against the skin.
Colour: Black",25,5,2750,TRUE,assets/products/B2BRSMON-0084.png,14,TRUE,18
B2BRSMON-0085,USPA Puffer Sleeveless Jacket - Unisex,Apparel,Jackets,"Rekindle your inner style quotient by wearing this puffer regular fit jacket from U.S. Polo. Tailored to sartorial perfection from premium quality fabric, it assures a soft and soothing touch against the skin.
Half Sleeves
Colour: Black",25,5,2350,TRUE,assets/products/B2BRSMON-0085.png,14,TRUE,19
B2BRSMON-0071,Arrow Formal Shirt- Grey,Apparel,Shirts,"Solid formal shirt, has a spread collar, long sleeves, button placket, curved hem, and 1 patch pocket.
 
100% Cotton
 
Machine-wash
 
Colour: Grey",25,5,1650,TRUE,assets/products/B2BRSMON-0071.png,14,TRUE,20
B2BRSMON-0013,Arrow Formal Shirt- White,Apparel,Shirts,"Solid formal shirt, has a spread collar, long sleeves, button placket, curved hem, and 1 patch pocket.
 
100% Cotton
 
Machine-wash
 
Colour: White",25,5,1650,TRUE,assets/products/B2BRSMON-0013.png,14,TRUE,21
B2BRSMON-0073,Rare Rabbit  Formal Shirt Women- Blue,Apparel,Shirts,"Corp Zander style crafted from 100% cotton for a soft, comfortable feel. Perfect for everyday wear with a classic, versatile design.
Material: 100% Cotton
Colour: Blue",25,5,1650,TRUE,assets/products/B2BRSMON-0073.png,14,TRUE,22
B2BRSMON-0072,Rare Rabbit  Formal Shirt Women- White,Apparel,Shirts,"Corp Zander style crafted from 100% cotton for a soft, comfortable feel. Perfect for everyday wear with a classic, versatile design.
Material: 100% Cotton
Colour: White",25,5,1650,TRUE,assets/products/B2BRSMON-0072.png,14,TRUE,23
B2BRSMON-0075,SOIL Men Linen Shirt,Apparel,Shirts,"Crafted from 100% linen for unmatched comfort and breathability, these shirts will keep you cool and stylish all day long. Each shirt reflects Cottonworld’s commitment to natural fabrics that feel as good as they look. Embrace timeless style with the airy, lightweight feel of pure linen.
Colour: Black",25,5,2250,TRUE,assets/products/B2BRSMON-0075.png,14,TRUE,24
B2BRSMON-0076,SOIL Women Mulmul Shirt- Black,Apparel,Shirts,"Effortlessly chic, this linen shirt features a classic spread collar, full sleeves, and a regular fit for all-day comfort. Crafted from pure linen, it boasts a breathable and lightweight feel, perfect for warm weather. The button closure adds a touch of sophistication.
Colour: Black",25,5,3150,TRUE,assets/products/B2BRSMON-0076.png,14,TRUE,25
B2BRSMON-0078,SOIL Women Mulmul Shirt- Grey,Apparel,Shirts,"Effortlessly chic, this linen shirt features a classic spread collar, full sleeves, and a regular fit for all-day comfort. Crafted from pure linen, it boasts a breathable and lightweight feel, perfect for warm weather. The button closure adds a touch of sophistication.
Colour:  Grey",25,5,3150,TRUE,assets/products/B2BRSMON-0078.png,14,TRUE,26
B2BRSMON-0079,SOIL Women Mulmul Shirt- Pastel Blue,Apparel,Shirts,"Effortlessly chic, this linen shirt features a classic spread collar, full sleeves, and a regular fit for all-day comfort. Crafted from pure linen, it boasts a breathable and lightweight feel, perfect for warm weather. The button closure adds a touch of sophistication.
Colour:  Blue",25,5,3150,TRUE,assets/products/B2BRSMON-0079.png,14,TRUE,27
B2BRSMON-0077,SOIL Women Mulmul Shirt- Pastel Navy Blue,Apparel,Shirts,"Effortlessly chic, this linen shirt features a classic spread collar, full sleeves, and a regular fit for all-day comfort. Crafted from pure linen, it boasts a breathable and lightweight feel, perfect for warm weather. The button closure adds a touch of sophistication.
Colour: Navy Blue",25,5,3150,TRUE,assets/products/B2BRSMON-0077.png,14,TRUE,28
B2BRSMON-0069,Van Heusen Formal Shirt- CVC Blue,Apparel,Shirts,"Crafted from a blend of 60% cotton and 40% polyester for a comfortable, durable feel. Designed to be wrinkle-free, offering a neat, crisp look with minimal effort.
Material: 60% Cotton | 40% Polyester
Colour: CVC Blue",25,5,1550,TRUE,assets/products/B2BRSMON-0069.png,14,TRUE,29
B2BRSMON-0068,Van Heusen Formal Shirt- CVC White,Apparel,Shirts,"Crafted from a blend of 60% cotton and 40% polyester for a comfortable, durable feel. Designed to be wrinkle-free, offering a neat, crisp look with minimal effort.
Material: 60% Cotton | 40% Polyester
Colour: CVC White",25,5,1550,TRUE,assets/products/B2BRSMON-0068.png,14,TRUE,30
B2BRSMON-0065,Adidas Dri Fit Polo Neck T-Shirt- Unisex- Navy Blue,Apparel,T-Shirts,"Adidas Dri-fit T-shirt, designed for superior comfort and moisture management. Features a classic polo collar for a stylish, sporty look.
Model: Polo Collared T-shirt
Colour: Navy Blue",25,5,1050,TRUE,assets/products/B2BRSMON-0065.png,14,TRUE,31
B2BRSMON-0067,Adidas Dri Fit Polo Neck T-Shirt- Unisex- Sky Blue with Tipping,Apparel,T-Shirts,"Adidas Dri-fit T-shirt, designed for superior comfort and moisture management. Features a classic polo collar for a stylish, sporty look.
Model: Polo Collared T-shirt
Colour: Sky Blue with Tipping",25,5,1050,TRUE,assets/products/B2BRSMON-0067.png,14,TRUE,32
B2BRSMON-0066,Adidas Dri Fit Polo Neck T-Shirt- Unisex- White,Apparel,T-Shirts,"Adidas Dri-fit T-shirt, designed for superior comfort and moisture management. Features a classic polo collar for a stylish, sporty look.
Model: Polo Collared T-shirt
Colour: White",25,5,1050,TRUE,assets/products/B2BRSMON-0066.png,14,TRUE,33
B2BRSMON-0010,Adidas Round Neck Cotton T-Shirt - Unisex Navy Blue,Apparel,T-Shirts,"Color - Navy Blue,
 
Neck - Round Neck
 
Sleeve - Short Sleeves
 
170 GSM - 100% Cotton",25,5,850,TRUE,assets/products/B2BRSMON-0010.png,14,TRUE,34
B2BRSMON-0053,Adidas Round Neck Cotton T-Shirt - Unisex ReaBlue,Apparel,T-Shirts,"This classic t-shirt is crafted from 100% cotton. The fabric has a soft feel and relaxed fit and is lightweight. Breathable and perfect for everyday wear.
Machine Wash
GSM: 170
Colour: Navy Blue",25,5,850,TRUE,assets/products/B2BRSMON-0053.png,14,TRUE,35
B2BRSMON-0054,Adidas Round Neck Cotton T-Shirt - Unisex White,Apparel,T-Shirts,"This classic t-shirt is crafted from 100% cotton. The fabric has a soft feel and relaxed fit and is lightweight. Breathable and perfect for everyday wear.
Machine Wash
GSM: 170
Colour: White",25,5,850,TRUE,assets/products/B2BRSMON-0054.png,14,TRUE,36
B2BRSMON-0052,Jack & Jones Round Neck Cotton T-Shirt Grey,Apparel,T-Shirts,"This comfortable classic t-shirt is crafted with 100% cotton. The fabric has a soft feel and relaxed fit and is lightweight. Breathable and perfect for every day.
 
Machine Wash
 
GSM: 180
 
Colour: Grey",25,5,650,TRUE,,14,TRUE,37
B2BRSMON-0007,Jack & Jones Round Neck Cotton T-Shirt Standard Navy Blue,Apparel,T-Shirts,"This comfortable classic t-shirt is crafted with 100% cotton. The fabric has a soft feel and relaxed fit and is lightweight. Breathable and perfect for every day.
 
Machine Wash
 
GSM: 180
 
Colour: Navy Blue",25,5,650,TRUE,,14,TRUE,38
B2BRSMON-0051,Jack & Jones Round Neck Cotton T-Shirt White,Apparel,T-Shirts,"This comfortable classic t-shirt is crafted with 100% cotton. The fabric has a soft feel and relaxed fit and is lightweight. Breathable and perfect for every day.
 
Machine Wash
 
GSM: 180
 
Colour: White",25,5,650,TRUE,,14,TRUE,39
B2BRSMON-0004,OMG Endurance Round Neck Cotton T-Shirt- Unisex- Standard Green,Apparel,T-Shirts,"Bio-washed 100% Cotton - makes the fabric extra soft. Anti-pilling Fabric. Compacted Pre-shrunk. All Solid Colours. Flexible ribbed crew neck. Precisely stitched with no pilling & no fading. Provide all-time comfort. Anytime, anywhere.
 
180 GSM
 
Wash Care: Cold and gentle machine wash. Avoid using brushes. Dry in shade. Use mild detergent only.
 
Colour: Green",25,5,350,TRUE,assets/products/B2BRSMON-0004.png,14,TRUE,40
B2BRSMON-0005,OMG Endurance Round Neck Cotton T-Shirt- Unisex- Standard Grey,Apparel,T-Shirts,"Bio-washed 100% Cotton - makes the fabric extra soft. Anti-pilling Fabric. Compacted Pre-shrunk. All Solid Colours. Flexible ribbed crew neck. Precisely stitched with no pilling & no fading. Provide all-time comfort. Anytime, anywhere.
 
180 GSM
 
Wash Care: Cold and gentle machine wash. Avoid using brushes. Dry in shade. Use mild detergent only.
 
Colour: Grey",25,5,350,TRUE,assets/products/B2BRSMON-0005.png,14,TRUE,41
B2BRSMON-0056,OMG Endurance Round Neck Cotton T-Shirt- Unisex- Standard Navy Blue,Apparel,T-Shirts,"Bio-washed 100% cotton makes the fabric extra soft. Anti-pilling fabric, compacted pre-shrunk, and precisely stitched with no pilling or fading. Provides all-time comfort, anytime, anywhere.
Wash Care: Cold and gentle machine wash. Avoid using brushes. Dry in shade. Use mild detergent only.
GSM: 180
Colour:  Navy Blue",25,5,350,TRUE,assets/products/B2BRSMON-0056.png,14,TRUE,42
B2BRSMON-0055,OMG Endurance Round Neck Cotton T-Shirt- Unisex- Standard White,Apparel,T-Shirts,"Bio-washed 100% cotton makes the fabric extra soft. Anti-pilling fabric, compacted pre-shrunk, and precisely stitched with no pilling or fading. Provides all-time comfort, anytime, anywhere.
Wash Care: Cold and gentle machine wash. Avoid using brushes. Dry in shade. Use mild detergent only.
GSM: 180
Colour:  Navy Blue",25,5,350,TRUE,assets/products/B2BRSMON-0055.png,14,TRUE,43
B2BRSMON-0003,OMG Endurance Roundneck T-Shirt- Blue,Apparel,T-Shirts,"Bio-washed 100% Cotton - makes the fabric extra soft. Anti-pilling Fabric. Compacted Pre-shrunk. All Solid Colours. Flexible ribbed crew neck. Precisely stitched with no pilling & no fading. Provide all-time comfort. Anytime, anywhere.
 
180 GSM
 
Wash Care: Cold and gentle machine wash. Avoid using brushes. Dry in shade. Use mild detergent only.
 
Colour: Navy Blue",25,5,350,TRUE,assets/products/B2BRSMON-0003.png,14,TRUE,44
B2BRSMON-0061,OMG In and Out Polo Neck T-Shirt - Unisex- Standard Blue,Apparel,T-Shirts,"Crafted with 100% polyester on the outside and 100% cotton on the inside. Features compacted preshrunk soft flow bleach/dyed fabric with color fastness guarantee for lasting vibrancy and comfort.
GSM: 230
Colour:  Blue",25,5,750,TRUE,assets/products/B2BRSMON-0061.png,14,TRUE,45
B2BRSMON-0063,OMG In and Out Polo Neck T-Shirt - Unisex- Standard Grey,Apparel,T-Shirts,"Crafted with 100% polyester on the outside and 100% cotton on the inside. Features compacted preshrunk soft flow bleach/dyed fabric with color fastness guarantee for lasting vibrancy and comfort.
GSM: 230
Colour: Grey",25,5,750,TRUE,assets/products/B2BRSMON-0063.png,14,TRUE,46
B2BRSMON-0062,OMG In and Out Polo Neck T-Shirt - Unisex- Standard Navy Blue,Apparel,T-Shirts,"Crafted with 100% polyester on the outside and 100% cotton on the inside. Features compacted preshrunk soft flow bleach/dyed fabric with color fastness guarantee for lasting vibrancy and comfort.
GSM: 230
Colour: Navy Blue",25,5,750,TRUE,assets/products/B2BRSMON-0062.png,14,TRUE,47
B2BRSMON-0064,OMG In and Out Polo Neck T-Shirt - Unisex- White,Apparel,T-Shirts,"Crafted with 100% polyester on the outside and 100% cotton on the inside. Features compacted preshrunk soft flow bleach/dyed fabric with color fastness guarantee for lasting vibrancy and comfort.
GSM: 230
Colour:  White",25,5,750,TRUE,assets/products/B2BRSMON-0064.png,14,TRUE,48
B2BRSMON-0058,Puma Round Neck Dri Fit T-Shirt - Unisex- Navy Blue,Apparel,T-Shirts,"Crafted from 100% polyester interlock with Dri-fit technology, offering a smooth, moisture-wicking feel for enhanced comfort. Perfect for active wear and everyday use.
GSM: 160
Colour: Navy Blue",25,5,750,TRUE,assets/products/B2BRSMON-0058.png,14,TRUE,49
B2BRSMON-0057,Puma Round Neck Dri Fit T-Shirt - Unisex- White,Apparel,T-Shirts,"Crafted from 100% polyester interlock with Dri-fit technology, offering a smooth, moisture-wicking feel for enhanced comfort. Perfect for active wear and everyday use.
GSM: 160
Colour: White",25,5,750,TRUE,assets/products/B2BRSMON-0057.png,14,TRUE,50
B2BRSMON-0059,Rare Rabbit Polo Cotton T-Shirt- Charcoal Melange,Apparel,T-Shirts,"Crafted from breathable cotton knit fabric for superior comfort. The soft and breathable cotton knit ensures you stay cool and confident all day long.
Material: Cotton Fabric
Fit: Regular Fit
Colour: Charcoal Melange",25,5,1050,TRUE,assets/products/B2BRSMON-0059.png,14,TRUE,51
B2BRSMON-0060,Rare Rabbit Polo Cotton T-Shirt- White,Apparel,T-Shirts,"Crafted from breathable cotton knit fabric for superior comfort. The soft and breathable cotton knit ensures you stay cool and confident all day long.
Material: Cotton Fabric
Fit: Regular Fit
Colour: White",25,5,1050,TRUE,assets/products/B2BRSMON-0060.png,14,TRUE,52
B2BRSMON-0006,Rare Rabbit Polo Cotton T-Shirt-Navy Blue,Apparel,T-Shirts,"Crafted from breathable cotton knit fabric for superior comfort. The soft and breathable cotton knit ensures you stay cool and confident all day long.
Material: Cotton Fabric
Fit: Regular Fit
Colour: Navy Blue",25,5,1050,TRUE,assets/products/B2BRSMON-0006.png,14,TRUE,53
B2BRSMON-0118,Aqua 900 ml Sipper,Drinkware,Bottles,"Sweat Proof, Premium Hot & Cold Flask
Technology: Latest Vacuum Technology
Material: High-grade 304 Stainless Steel
Capacity: 900 ml
Insulation: Keeps contents hot for 12 hours and cold for 18 hours
Finish: Powder Coated
Colour: White",25,18,1250,FALSE,assets/products/B2BRSMON-0118.png,14,TRUE,54
B2BRSMON-0119,Circular & Co. Bottle,Drinkware,Bottles,"Circular &Co. Bottle are the world’s first bottles made from recycled plastic bottles. Designed with practicality and circularity in mind, our sustainable product is 100% leakproof, providing peace of mind whilst you’re on the go. Designed for 10 years of use, Circular Cup's unique push lid mechanism minimizes spills and offers one-hand opening. Enjoy the full coffee flavor with 360-degree drinking. After 10 years of use, your Circular Cup is 100% recyclable.
Every purchase of a Circular&Co. product funds a sustainable solution to global waste.
 Note:  Suject to stock availability",25,18,1450,FALSE,assets/products/B2BRSMON-0119.png,14,TRUE,55
B2BRSMON-0120,HydroMonk Bamboo Bottle 500ml,Drinkware,Bottles,"Eco-friendly Bamboo Bottle: Inside high-grade stainless steel, ideal for hot and cold brews. Sustainable, leak-proof, and reusable. Brand Hydromonk gives 1% of their profits to provide drinking water to villages in India. This bamboo material is FSC certified.
Capacity: 500 Milliliters
Made in: China
 Note:  Suject to stock availability",25,18,950,FALSE,assets/products/B2BRSMON-0120.png,14,TRUE,56
B2BRSMON-0113,Rubbl 500ml Bottle- Matt Black,Drinkware,Bottles,"Stainless Steel Vacuum Bottle
Capacity: 500 ml
Dimension: 7x7x23.5 cm
Weight: 263 gms
Material: Stainless Steel 304 Grade
Finish: Rubber Finish on the Outside
Hot & Cold: Up to 6 to 8 hours
Colour: Black",25,18,650,FALSE,,14,TRUE,57
B2BRSMON-0114,Rubbl 500ml Bottle- Matt Blue,Drinkware,Bottles,"Stainless Steel Vacuum Bottle
Capacity: 500 ml
Dimension: 7x7x23.5 cm
Weight: 263 gms
Material: Stainless Steel 304 Grade
Finish: Rubber Finish on the Outside
Hot & Cold: Up to 6 to 8 hours
Colour: Blue",25,18,650,FALSE,,14,TRUE,58
B2BRSMON-0117,SIGMA Sipper 500ml- Black,Drinkware,Bottles,"Item Dimensions: 7.5 x 7.5 x 23.5 cm
Item Weight: 168 gms
Type: Stainless Steel Sipper
Wall Type: Single Wall
BPA Free: Yes
Capacity: 750 ml
Design: Trendy Design
Closure: Flip Cap",25,18,450,FALSE,assets/products/B2BRSMON-0117.png,14,TRUE,59
B2BRSMON-0032,Ultra Hot & Cold Sipper 500ml White,Drinkware,Bottles,"Premium hot & cold flask. Made of high-grade 304 Stainless steel outside. Screw top lid. Capacity - 500ml. Keeps content hot for 8 hours and cold for 12 hours.
Capacity: 500 ml
Colour: White",25,18,650,FALSE,assets/products/B2BRSMON-0032.png,14,TRUE,60
B2BRSMON-0179,Unbottle Sipper- Navy Blue - 750 ml,Drinkware,Bottles,"Designed to be part of your daily errands. Easily fits into your backpack or gym bag.
Capacity: 750 ml
Material: Double walled 304 SS
BPA Free: Yes
Material Details: High-grade Stainless Steel on both the inside and outside, this is a chromium-nickel-iron alloy
Colours: Navy Blue",25,18,1100,FALSE,assets/products/B2BRSMON-0179.png,14,TRUE,61
B2BRSMON-0116,Unbottle Sipper- Navy Blue- 500 ml,Drinkware,Bottles,"Designed to be part of your daily errands. Easily fits into your backpack or gym bag.
Capacity: 500 ml 
Material: Double walled 304 SS
BPA Free: Yes
Material Details: High-grade Stainless Steel on both the inside and outside, this is a chromium-nickel-iron alloy
Colours: Navy Blue",25,18,1100,FALSE,assets/products/B2BRSMON-0116.png,14,TRUE,62
B2BRSMON-0115,Unbottle Sipper- White- 500 ml,Drinkware,Bottles,"Designed to be part of your daily errands. Easily fits into your backpack or gym bag.
Capacity: 500 ml 
Material: Double walled 304 SS
BPA Free: Yes
Material Details: High-grade Stainless Steel on both the inside and outside, this is a chromium-nickel-iron alloy
Colours: White",25,18,1100,FALSE,assets/products/B2BRSMON-0115.png,14,TRUE,63
B2BRSMON-0178,Unbottle Sipper- White- 750 ml,Drinkware,Bottles,"Designed to be part of your daily errands. Easily fits into your backpack or gym bag.
Capacity:  750 ml
Material: Double walled 304 SS
BPA Free: Yes
Material Details: High-grade Stainless Steel on both the inside and outside, this is a chromium-nickel-iron alloy
Colours: White",25,18,1100,FALSE,assets/products/B2BRSMON-0178.png,14,TRUE,64
B2BRSMON-0034,Frappe Mug 500 ml with Lid and Straw- Black,Drinkware,Frappe Mug,"Capacity: 500 ml
Weight: 225 gms
Material: ABS, steel, and plastic
Size: H x DIA 18 cm x 9 cm
Colour Available: Gray",25,18,650,FALSE,assets/products/B2BRSMON-0034.png,14,TRUE,65
B2BRSMON-0101,Cafe Bamboo Mug 300ml,Drinkware,Mugs & tumblers,"Bamboo Mug with Flip Cap
Dimensions: 9x9x13 cm - 116 gms
Capacity: 300 ml
Suitable for: Tea
Material: SAFE Food Grade, BPA Free",25,18,250,FALSE,assets/products/B2BRSMON-0101.png,14,TRUE,66
B2BRSMON-0100,Ceramic Mug,Drinkware,Mugs & tumblers,"Capacity: 300 ml/ Holds 10 oz.
Product Dimensions: 3 x 3 x 4.5 inches
Microwave and Top Rack Dishwasher Safe:
Colour: White with Blue",25,18,215,FALSE,assets/products/B2BRSMON-0100.png,14,TRUE,67
B2BRSMON-0107,Circular & Co. Tumbler,Drinkware,Mugs & tumblers,"The world's first, 100% leak-proof reusable coffee cup, made from single-use paper cups. Designed for 10 years of use, Circular Reusable Coffee Cup is 100% recyclable. Keeps your drink hot or cold for 60-90 minutes. Easy one-hand opening, perfect for life on the go. 360-degree drinking, allowing you to enjoy the full coffee aroma. BPA & melamine free. Dishwasher safe.",25,18,1350,FALSE,assets/products/B2BRSMON-0107.png,14,TRUE,68
B2BRSMON-0104,Corky Mug 400ml,Drinkware,Mugs & tumblers,"Dimension: 12x8.5x11 cm
Capacity: 400 ml
Weight: Around 398 gm
Material: Ceramic with Cork Base
Colour: White with Cork Base",25,18,450,FALSE,,14,TRUE,69
B2BRSMON-0109,Hydra Mug 1200 ml with Lid and Straw- Black,Drinkware,Mugs & tumblers,"Stainless Steel Mug with Grip
Double Wall 304 SS
12x9.5x27 cm - 495 gms
Capacity: 1200 ml
Hot & Cold: Up to 6 to 8 hours with latest vacuum technology
Straw included
BPA Free: Yes
Leak Proof: Yes
Colour: Black",25,18,950,FALSE,assets/products/B2BRSMON-0109.png,14,TRUE,70
B2BRSMON-0110,Hydra Mug 1200 ml with Lid and Straw- Standard Green,Drinkware,Mugs & tumblers,"Stainless Steel Mug with Grip
Double Wall 304 SS
12x9.5x27 cm - 495 gms
Capacity: 1200 ml
Hot & Cold: Up to 6 to 8 hours with latest vacuum technology
Straw included
BPA Free: Yes
Leak Proof: Yes
Colour: Green",25,18,950,FALSE,,14,TRUE,71
B2BRSMON-0108,Hydra Mug 1200 ml with Lid and Straw- White,Drinkware,Mugs & tumblers,"Stainless Steel Mug with Grip
Double Wall 304 SS
12x9.5x27 cm - 495 gms
Capacity: 1200 ml
Hot & Cold: Up to 6 to 8 hours with latest vacuum technology
Straw included
BPA Free: Yes
Leak Proof: Yes
Colour: White",25,18,950,FALSE,assets/products/B2BRSMON-0108.png,14,TRUE,72
B2BRSMON-0106,Hydromonk Mighty Mug 414ml,Drinkware,Mugs & tumblers,"18/8 Stainless Steel Double Wall, Vacuum Insulation, Dishwasher Safe. Mug is one of the toughest, most over-engineered camp mugs out there. 
 Closure: Mag Slider
  Capacity: 414 ml / 14 oz. 
 Colour: White",25,18,1100,FALSE,assets/products/B2BRSMON-0106.png,14,TRUE,73
B2BRSMON-0103,Kone Mug 320ml- Black,Drinkware,Mugs & tumblers,"Capacity: 320 ml
Material: Stainless steel 304 inside, Stainless steel 201 outside
Weight: Around 170gms
Dimension: 8.5*8.5*10 cm
Colour:Black",25,18,450,FALSE,assets/products/B2BRSMON-0103.png,14,TRUE,74
B2BRSMON-0102,Kone Mug 320ml- White,Drinkware,Mugs & tumblers,"Capacity: 320 ml
Material: Stainless steel 304 inside, Stainless steel 201 outside
Weight: Around 170gms
Dimension: 8.5*8.5*10 cm
Colour: White",25,18,450,FALSE,assets/products/B2BRSMON-0102.png,14,TRUE,75
B2BRSMON-0105,Steelo Mug 350 ml- Black,Drinkware,Mugs & tumblers,"It is a multi-purpose water cup, you can fill it with anything you like. Premium quality stainless steel; double-walled insulation. Durable, clear plastic lid; vent and drink hole fits standard straw; maintains the temperature of contents naturally for hours.
Capacity: 350 ml
Material: High food grade stainless steel, 100% BPA free, safe and healthy
Weight: 175 gm
Product Size: 8.5 x 8.5 x 11.5 cm
Colour:  Black",25,18,650,FALSE,assets/products/B2BRSMON-0105.png,14,TRUE,76
B2BRSMON-0031,Steelo Mug 350 ml- White,Drinkware,Mugs & tumblers,"It is a multi-purpose water cup, you can fill it with anything you like. Premium quality stainless steel; double-walled insulation. Durable, clear plastic lid; vent and drink hole fits standard straw; maintains the temperature of contents naturally for hours.
Capacity: 350 ml
Material: High food grade stainless steel, 100% BPA free, safe and healthy
Weight: 175 gm
Product Size: 8.5 x 8.5 x 11.5 cm
Colour:  White",25,18,650,FALSE,assets/products/B2BRSMON-0031.png,14,TRUE,77
B2BRSMON-0112,Straw mug 450 ml with bamboo lid,Drinkware,Mugs & tumblers,"Capacity: 450 ml
Type: Single Wall - Leak Proof Bamboo Lid
BPA Free: Yes
Leak Proof: Yes
Material: Food Grade with Silicone Grip",25,18,550,FALSE,assets/products/B2BRSMON-0112.png,14,TRUE,78
B2BRSMON-0123,Flamingo Backpack,Travel,Bag pack,"Versatile Design: Converts easily between a backpack and a messenger bag to suit your needs.
Spacious Storage: Large main compartment with multiple pockets for organizing your essentials.
Laptop Compartment: The padded section fits laptops up to 15.6 inches, keeping your device safe.
Comfortable Straps: Adjustable, padded shoulder straps and detachable crossbody strap for comfort.
Stylish Appearance: Sleek, modern design suitable for professional and casual settings.
 Note:  Suject to stock availability",10,5,2850,FALSE,assets/products/B2BRSMON-0123.png,14,TRUE,79
B2BRSMON-0128,"Targus Geolite Advanced 15.6"" Backpack",Travel,Bag pack,"Dedicated Laptop Compartment: With multi-fit cradle, fits up to 15.6 
Ample Space: For convenient storage.
Padded Back Panel: Provides support and comfort.
Adjustable Shoulder Straps: Ergonomic and padded for added comfort.
Easy Access: Front zippered pocket for quick access to essentials.
 Note:  Suject to stock availability",10,5,3250,FALSE,assets/products/B2BRSMON-0128.png,14,TRUE,80
B2BRSMON-0127,TravelXOXO Fit Pack Backpack,Travel,Bag pack,"Trendy Backpack: A backpack that no one can enter while wearing it, safe for all your stuff. Made of polyester material with numerous hidden zippers and handy secret pockets.
Size: 20 x 42 x 34 cm",10,5,3100,FALSE,assets/products/B2BRSMON-0127.png,14,TRUE,81
B2BRSMON-0122,TravelXOXO Fit Pack Backpack- Black,Travel,Bag pack,"YKK zippers, interior liner treated with antimicrobial coating to control bacterial odors and growth, front load main compartment for spacious storage, ventilated shoe compartment with stowaway design (fits up to men's size 13 shoes), padded and suspended laptop pocket with soft lining (fits up to 16"" laptop), quick-access top pocket with soft lining, interior pockets for your everyday essentials, exterior water bottle pockets, padded mesh back panel for enhanced comfort and breathability, ballistic nylon exterior.
Main Compartment: Spacious Storage
Dimensions: 18.5"" L x 12.5"" W x 8"" D",10,5,1750,FALSE,assets/products/B2BRSMON-0122.png,14,TRUE,82
B2BRSMON-0130,Jack and Jones Walter Duffel,Travel,Duffle bag,"Duffle Bag: Crafted from high-end, premium polyurethane with a contrast webbing-adorned shoulder strap. Made with A-grade fabric to ensure breathability with a combination of materials.
Fabric: 100% PU Leather
Capacity: 40L
Handle: Twin Handle Grip
Note:  Suject to stock availability",10,5,1990,FALSE,assets/products/B2BRSMON-0130.png,14,TRUE,83
B2BRSMON-0129,OMG Varsity Gym Duffel Bag,Travel,Duffle bag,"Dimensions: W50 cm x H25 cm x D25 cm
Capacity: 20 litres
Features: Adjustable shoulder strap that is fully detachable, webbed carry handles, and a small zippered pouch pocket for items that need easier access.",10,5,650,FALSE,assets/products/B2BRSMON-0129.png,14,TRUE,84
B2BRSMON-0131,SOIL Canvas Duffle Bag,Travel,Duffle bag,"Vegan Fabric Small Duffel Bag: Functional yet minimal, perfect for gym or travel. Designed with broad handles, spacious pockets, and structured to retain its shape, making it an ideal eco-friendly companion.",10,5,2100,FALSE,assets/products/B2BRSMON-0131.png,14,TRUE,85
B2BRSMON-0133,Hawk Sling Bag with 15'' Laptop Compartment- Navy blue,Travel,Laptop handbag,"Laptop Bag: Designed for the modern professional, this bag seamlessly transitions from a sleek crossbody to a sophisticated messenger bag, catering to your dynamic lifestyle. Equipped with adjustable and detachable straps, it offers flexibility and convenience for any occasion.
Dimensions: 36 cm x 26 cm x 6 cm
Weight: 850 g
Material: Premium Faux Leather
Laptop Compartment: Fits up to 15-inch laptops
Available Colors: Navy Blue 
Note:  Suject to stock availability",10,5,2450,FALSE,assets/products/B2BRSMON-0133.png,14,TRUE,86
B2BRSMON-0134,Hawk Sling Bag with 15'' Laptop Compartment- Tan,Travel,Laptop handbag,"Laptop Bag: Designed for the modern professional, this bag seamlessly transitions from a sleek crossbody to a sophisticated messenger bag, catering to your dynamic lifestyle. Equipped with adjustable and detachable straps, it offers flexibility and convenience for any occasion.
Dimensions: 36 cm x 26 cm x 6 cm
Weight: 850 g
Material: Premium Faux Leather
Laptop Compartment: Fits up to 15-inch laptops
Available Colors: Tan",10,5,2450,FALSE,assets/products/B2BRSMON-0134.png,14,TRUE,87
B2BRSMON-0132,Rush 14'' Laptop Messenger,Travel,Laptop handbag,"Canvas Bag: This lightweight canvas bag holds your daily essentials. Adore the comfort, security, and practicality of this compact carrier, designed to be your constant companion through daily activities. It features multiple carry options like a removable shoulder strap and hideaway grab handles.
Fits: 14 laptop
Front Pocket: For storing laptop charger
Dimensions: 38 cm x 29 cm x 3 cm
Handle: Detachable long handle with shoulder pad
Material: 12 oz canvas with faux leather
Note:  Suject to stock availability",10,5,1780,FALSE,assets/products/B2BRSMON-0132.png,14,TRUE,88
B2BRSMON-0144,Jute Bag 16 Inch,Travel,Tote bags,"Eco-friendly Jute Bag: Stylish, sustainable, and versatile, this compact bag is perfect for daily use. Make a fashionable and eco-conscious choice today!
Sizes: 16",10,5,375,FALSE,assets/products/B2BRSMON-0144.png,14,TRUE,89
B2BRSMON-0138,Jute Bag 8 Inch,Travel,Tote bags,"Eco-friendly Jute Bag: Stylish, sustainable, and versatile, this compact bag is perfect for daily use. Make a fashionable and eco-conscious choice today!
Sizes: 8",10,5,275,FALSE,assets/products/B2BRSMON-0138.png,14,TRUE,90
B2BRSMON-0143,SOIL Canvas Tote Bag- Green,Travel,Tote bags,"Comfortable Tote Bag: Made of easy-care cotton fabric, perfect for running errands. Fold-flat construction ensures easy storage.
Weight: 70g
Dimensions: W37 cm x H41 cm
Colour: Green",10,5,285,FALSE,,14,TRUE,91
B2BRSMON-0142,SOIL Canvas Tote Bag- Light Blue,Travel,Tote bags,"Comfortable Tote Bag: Made of easy-care cotton fabric, perfect for running errands. Fold-flat construction ensures easy storage.
Weight: 70g
Dimensions: W37 cm x H41 cm
Colour:   Light Blue",10,5,285,FALSE,assets/products/B2BRSMON-0142.png,14,TRUE,92
B2BRSMON-0139,SOIL Canvas Tote Bag- Natural canvas,Travel,Tote bags,"Comfortable Tote Bag: Made of easy-care cotton fabric, perfect for running errands. Fold-flat construction ensures easy storage.
Weight: 70g
Dimensions: W37 cm x H41 cm
Colour: Natural Canvas",10,5,285,FALSE,assets/products/B2BRSMON-0139.png,14,TRUE,93
B2BRSMON-0140,SOIL Canvas Tote Bag- Navy Blue,Travel,Tote bags,"Comfortable Tote Bag: Made of easy-care cotton fabric, perfect for running errands. Fold-flat construction ensures easy storage.
Weight: 70g
Dimensions: W37 cm x H41 cm
Colour:  Navy Blue",10,5,285,FALSE,assets/products/B2BRSMON-0140.png,14,TRUE,94
B2BRSMON-0136,Samsonite Albi Backpack with Trolley and 15.4'' Laptop Compartment,Travel,Trolley bags,"Durable and Functional Backpack: A collection that combines modern design with practical features-contoured straps and extra padding for comfort, along with organizational pockets for all of today's electronic essentials and laptop protection.
Material: 100% Polyester
Colour: Black
Dimensions: 51.0 x 33.0 x 24.0 cm
Volume: 29L
Weight: 1.9 kg
Warranty: 2 Years
Note:  Suject to stock availability",10,5,8200,FALSE,assets/products/B2BRSMON-0136.png,14,TRUE,95
B2BRSMON-0137,Targus Rolling Overnight with Trolley and 15.4'' Laptop Compartment,Travel,Trolley bags,"Versatile Backpack: Get the best of both worlds with a backpack that switches effortlessly between a carry-on and a rolling laptop case.
Features: Protective PVC material on the bottom of the case repels water, padded handle and shoulder straps for ease of transport, and a removable sleeve that fits laptops with screen sizes up to 15.4.
Note:  Suject to stock availability",10,5,8100,FALSE,assets/products/B2BRSMON-0137.png,14,TRUE,96
B2BRSMON-0173,2-Fold Umbrella- Black,Utilities,Accessories,"Umbrella: UV protection and protection from light rain and drizzle are essential. Compact and lightweight, it can be tucked into a bag or jacket pocket.
Size: 91 cm diameter
Colour: Black",50,18,745,FALSE,assets/products/B2BRSMON-0173.png,14,TRUE,97
B2BRSMON-0174,2-Fold Umbrella- Navy Blue,Utilities,Accessories,"Umbrella: UV protection and protection from light rain and drizzle are essential. Compact and lightweight, it can be tucked into a bag or jacket pocket.
Size: 91 cm diameter
Colour:  Navy Blue",50,18,745,FALSE,assets/products/B2BRSMON-0174.png,14,TRUE,98
B2BRSMON-0172,2-Fold Umbrella- White,Utilities,Accessories,"Umbrella: UV protection and protection from light rain and drizzle are essential. Compact and lightweight, it can be tucked into a bag or jacket pocket.
Size: 91 cm diameter
Colour: Black",50,18,745,FALSE,assets/products/B2BRSMON-0172.png,14,TRUE,99
B2BRSMON-0176,3-Fold Umbrella- Black,Utilities,Accessories,"UV protection and protection from light rain and drizzle are essential. Compact and lightweight, it can be tucked into a bag or jacket pocket.
Keep yourself protected thanks to its 91 cm diameter and lightweight.
Colour:  Black",50,18,650,FALSE,assets/products/B2BRSMON-0176.png,14,TRUE,100
B2BRSMON-0177,3-Fold Umbrella- Navy Blue,Utilities,Accessories,"UV protection and protection from light rain and drizzle are essential. Compact and lightweight, it can be tucked into a bag or jacket pocket.
Keep yourself protected thanks to its 91 cm diameter and lightweight.
Colour: Navy Blue",50,18,650,FALSE,assets/products/B2BRSMON-0177.png,14,TRUE,101
B2BRSMON-0175,3-Fold Umbrella- White,Utilities,Accessories,"UV protection and protection from light rain and drizzle are essential. Compact and lightweight, it can be tucked into a bag or jacket pocket.
Keep yourself protected thanks to its 91 cm diameter and lightweight.
Colour: White",50,18,650,FALSE,assets/products/B2BRSMON-0175.png,14,TRUE,102
B2BRSMON-0169,Lanyard with retractable loop,Utilities,Accessories,"20mm Dye-Sublimation Printed Lanyard: Multi-color lanyard with logos repeated along the length on both sides. Featuring a black plastic safety break.
Usage: These lanyards are ideal for organizations, conferences, malls, shops, schools, and hospitals.
Lanyard Size: 495.3mm W x 20mm L",50,18,180,FALSE,assets/products/B2BRSMON-0169.png,14,TRUE,103
B2BRSMON-0048,Pop Socket,Utilities,Accessories,"A PopSocket is a versatile, collapsible grip and stand for your phone or tablet.
 It sticks to the back of your device, providing a more comfortable way to hold your phone, especially for one-handed use. When not in use,
 it can be collapsed flat, making it easy to slide into pockets or bags.",50,18,30,FALSE,assets/products/B2BRSMON-0048.png,14,TRUE,104
B2BRSMON-0047,SOIL Wooden Phone Stand,Utilities,Accessories,"Charging Station, Wood Docking Station, Tech Gift, Portable Mobile Phone Stand.
100% NATURAL Sustainable material.
Compatible with iPhone and Android phones in 4–8 inches, such as iPhone, Huawei, Galaxy S6, S7, S8, Sony, Kindle, LG, even 10-inch iPad, even withcase.",50,18,275,FALSE,assets/products/B2BRSMON-0047.png,14,TRUE,105
B2BRSMON-0170,Single Fold Umbrella- Black,Utilities,Accessories,"Umbrella: This umbrella is sturdy and big enough to provide good protection against heavy rain, even when the wind is howling. Easy to use as it unfolds automatically when you push the button.
Material: 100% Polyester UV Coated
Care Instructions: Wipe with a dry clean cloth to remove dust.
Colour: Black",50,18,840,FALSE,assets/products/B2BRSMON-0170.png,14,TRUE,106
B2BRSMON-0171,Single Fold Umbrella- Navy Blue,Utilities,Accessories,"Umbrella: This umbrella is sturdy and big enough to provide good protection against heavy rain, even when the wind is howling. Easy to use as it unfolds automatically when you push the button.
Material: 100% Polyester UV Coated
Care Instructions: Wipe with a dry clean cloth to remove dust.
Colour: Navy Blue",50,18,840,FALSE,assets/products/B2BRSMON-0171.png,14,TRUE,107
B2BRSMON-0050,Single Fold Umbrella- White,Utilities,Accessories,"Umbrella: This umbrella is sturdy and big enough to provide good protection against heavy rain, even when the wind is howling. Easy to use as it unfolds automatically when you push the button.
Material: 100% Polyester UV Coated
Care Instructions: Wipe with a dry clean cloth to remove dust.
Colour: White",50,18,840,FALSE,assets/products/B2BRSMON-0050.png,14,TRUE,108
B2BRSMON-0166,Webcam cover - Oval,Utilities,Accessories,"Compatible With: Compatible with all laptops, standalone web cameras, desktops with web cameras on panel, PCs, smartphones, tablets, and mobile front cameras of phones, etc.
Protect Privacy Security: Focused on network security, this easy-to-use webcam cover allows you to protect your personal and family privacy with just a gentle slide. Close the camera to stop any potential intrusion from hackers.",50,18,35,FALSE,assets/products/B2BRSMON-0166.png,14,TRUE,109
B2BRSMON-0168,Webcam cover- Black,Utilities,Accessories,"Compatible With: Compatible with all laptops, standalone web cameras, desktops with web cameras on panel, PCs, and tablets.
Protect Privacy Security: Focusing on network security, this webcam cover allows you to easily and effectively protect personal and family privacy. Simply slide to close the camera, preventing any potential intrusion from hackers.",50,18,35,FALSE,assets/products/B2BRSMON-0168.png,14,TRUE,110
B2BRSMON-0167,Webcam cover- White,Utilities,Accessories,"Compatible With: Compatible with all laptops, standalone web cameras, desktops with web cameras on panel, PCs, and tablets.
Protect Privacy Security: Focusing on network security, this webcam cover allows you to easily and effectively protect personal and family privacy. Simply slide to close the camera, preventing any potential intrusion from hackers.",50,18,35,FALSE,assets/products/B2BRSMON-0167.png,14,TRUE,111
B2BRSMON-0162,Acrylic Coaster- Blue,Utilities,Coasters,"Acrylic Coasters: Sleek and modern drink accessories designed to protect surfaces from spills, heat, and condensation.",50,18,130,FALSE,assets/products/B2BRSMON-0162.png,14,TRUE,112
B2BRSMON-0161,Acrylic Coaster- Green,Utilities,Coasters,"Acrylic Coasters: Sleek and modern drink accessories designed to protect surfaces from spills, heat, and condensation.",50,18,130,FALSE,assets/products/B2BRSMON-0161.png,14,TRUE,113
B2BRSMON-0163,Acrylic Coaster- Grey,Utilities,Coasters,"Acrylic Coasters: Sleek and modern drink accessories designed to protect surfaces from spills, heat, and condensation.",50,18,130,FALSE,assets/products/B2BRSMON-0163.png,14,TRUE,114
B2BRSMON-0164,Acrylic Coaster- Navy Blue,Utilities,Coasters,"Acrylic Coasters: Sleek and modern drink accessories designed to protect surfaces from spills, heat, and condensation.",50,18,130,FALSE,assets/products/B2BRSMON-0164.png,14,TRUE,115
B2BRSMON-0160,Acrylic Coaster- White,Utilities,Coasters,"Acrylic Coasters: Sleek and modern drink accessories designed to protect surfaces from spills, heat, and condensation.",50,18,130,FALSE,assets/products/B2BRSMON-0160.png,14,TRUE,116
B2BRSMON-0165,SOIL Cork Coaster,Utilities,Coasters,"Environmentally Friendly Materials: Our cork coasters are made of 100% real cork. These eco-friendly materials allow you to enjoy tea while contributing positively to the environment.
Cork coasters per piece 140 rupees",50,18,140,FALSE,assets/products/B2BRSMON-0165.png,14,TRUE,117
B2BRSMON-0157,SOIL MDF Coaster- Blue,Utilities,Coasters,"Set of 4 MDF Wooden Coasters: Perfect for teacups, drink glasses, bottles, coffee, beer, beverages, and cans. Made from durable MDF wood.
Sold In: Set of 4",50,18,250,FALSE,assets/products/B2BRSMON-0157.png,14,TRUE,118
B2BRSMON-0156,SOIL MDF Coaster- Green,Utilities,Coasters,"Set of 4 MDF Wooden Coasters: Perfect for teacups, drink glasses, bottles, coffee, beer, beverages, and cans. Made from durable MDF wood.
Sold In: Set of 4",50,18,250,FALSE,assets/products/B2BRSMON-0156.png,14,TRUE,119
B2BRSMON-0158,SOIL MDF Coaster- Grey,Utilities,Coasters,"Set of 4 MDF Wooden Coasters: Perfect for teacups, drink glasses, bottles, coffee, beer, beverages, and cans. Made from durable MDF wood.
Sold In: Set of 4",50,18,250,FALSE,assets/products/B2BRSMON-0158.png,14,TRUE,120
B2BRSMON-0159,SOIL MDF Coaster- Navy Blue,Utilities,Coasters,"Set of 4 MDF Wooden Coasters: Perfect for teacups, drink glasses, bottles, coffee, beer, beverages, and cans. Made from durable MDF wood.
Sold In: Set of 4",50,18,250,FALSE,assets/products/B2BRSMON-0159.png,14,TRUE,121
B2BRSMON-0155,SOIL MDF Coaster- White,Utilities,Coasters,"Set of 4 MDF Wooden Coasters: Perfect for teacups, drink glasses, bottles, coffee, beer, beverages, and cans. Made from durable MDF wood.
Sold In: Set of 4",50,18,250,FALSE,assets/products/B2BRSMON-0155.png,14,TRUE,122
B2BRSMON-0150,SOIL Kraft Journal,Utilities,Notebook,"Hardcover Kraft Journal: Your go-to for note-taking with A5 size, 240 pages of ruled paper. Features a ribbon page marker, elastic band, and inside back pocket.
Dimensions: 5.5"" x 8.5""
Colour: Kraft",25,18,550,FALSE,assets/products/B2BRSMON-0150.png,14,TRUE,123
B2BRSMON-0151,SOIL Leatherette Notebook- Black,Utilities,Notebook,"Leatherette Journal: Your go-to for note-taking with A5 size, 240 pages of graph paper. Features a ribbon page marker and elastic pen loop.
Dimensions: 5.5"" x 8.5""
Colour: Black",25,18,650,FALSE,assets/products/B2BRSMON-0151.png,14,TRUE,124
B2BRSMON-0145,SOIL Lemongrass Spiral Bound Notebook,Utilities,Notebook,"Eco-friendly Spiral-bound Notebook: Made with lemongrass paper, this unique writing tool combines sustainability with a refreshing natural aesthetic. Crafted from lemongrass fibers, a renewable resource, it's an environmentally conscious alternative to traditional notebooks.",25,18,485,FALSE,assets/products/B2BRSMON-0145.png,14,TRUE,125
B2BRSMON-0148,SOIL Single Meeting Notebook- Green,Utilities,Notebook,"Ruled Paper Memo Book: 48-page memo book with stitched binding.
Dimensions: 8.25 x 5.25 inches
Available Colors:  Green",25,18,75,FALSE,assets/products/B2BRSMON-0148.png,14,TRUE,126
B2BRSMON-0149,SOIL Single Meeting Notebook- Kraft,Utilities,Notebook,"Ruled Paper Memo Book: 48-page memo book with stitched binding.
Dimensions: 8.25 x 5.25 inches
Colour: Kraft",25,18,75,FALSE,assets/products/B2BRSMON-0149.png,14,TRUE,127
B2BRSMON-0147,SOIL Single Meeting Notebook- Sky Blue,Utilities,Notebook,"Ruled Paper Memo Book: 48-page memo book with stitched binding.
Dimensions: 8.25 x 5.25 inches
Available Colors:  Sky Blue",25,18,75,FALSE,assets/products/B2BRSMON-0147.png,14,TRUE,128
B2BRSMON-0146,SOIL Single Meeting Notebook- White,Utilities,Notebook,"Ruled Paper Memo Book: 48-page memo book with stitched binding.
Dimensions: 8.25 x 5.25 inches
Available Colors: White",25,18,75,FALSE,assets/products/B2BRSMON-0146.png,14,TRUE,129
B2BRSMON-0154,SOIL Bamboo Pen,Utilities,Pens,"Eco-friendly Bamboo Pen: A super premium pen crafted with a mix of steel and bamboo. Using this eco-friendly bamboo pen helps reduce plastic pollution caused by traditional plastic pens.
Type: Ballpoint Pen",25,18,115,FALSE,assets/products/B2BRSMON-0154.png,14,TRUE,130
B2BRSMON-0152,Senator Pen- White,Utilities,Pens,"Challenger Ballpen: The original and best-selling promotional ballpen, available in a wide range of colours. Features a push-button mechanism.",25,18,75,FALSE,assets/products/B2BRSMON-0152.png,14,TRUE,131
B2BRSMON-0153,Stylus Ball Pen- White,Utilities,Pens,"Stylus/Pen Combo: A perfect two-in-one stylus/pen designed for all touch screen interfaces. Ideal for turning pages, taking notes, drawing, or typing on tablets or smartphones. Features a durable rubber tip that won’t damage or scratch surfaces, ensuring accuracy.
Colour: Black, White, and Royal Blue",25,18,95,FALSE,assets/products/B2BRSMON-0153.png,14,TRUE,132
B2BRSMON-0038,Stylus Ball Pen-Black,Utilities,Pens,"Stylus/Pen Combo: A perfect two-in-one stylus/pen designed for all touch screen interfaces. Ideal for turning pages, taking notes, drawing, or typing on tablets or smartphones. Features a durable rubber tip that won’t damage or scratch surfaces, ensuring accuracy.
Colour: Black",25,18,95,FALSE,assets/products/B2BRSMON-0038.png,14,TRUE,133
